user_id,post_id,created_at
64,703,2026-01-01 02:20:37
94,703,2026-01-01 02:28:33
98,102,2026-01-01 05:09:41
57,323,2026-01-01 07:39:38
100,879,2026-01-01 09:04:09
42,912,2026-01-01 10:31:59
89,912,2026-01-01 10:33:09
100,213,2026-01-01 11:15:59
15,912,2026-01-01 11:19:04
91,1,2026-01-01 11:20:56
95,912,2026-01-01 11:38:59
77,912,2026-01-01 12:05:56
91,73,2026-01-01 12:37:13
61,912,2026-01-01 13:05:17
4,912,2026-01-01 13:15:35
18,952,2026-01-01 13:15:43
10,912,2026-01-01 13:17:41
72,296,2026-01-01 14:45:46
100,73,2026-01-01 15:29:35
98,572,2026-01-01 15:36:22
41,663,2026-01-01 16:19:58
54,912,2026-01-01 16:19:59
100,1052,2026-01-01 16:32:37
90,498,2026-01-01 16:58:03
94,952,2026-01-01 18:15:17
45,912,2026-01-01 18:20:03
15,952,2026-01-01 18:46:27
91,259,2026-01-01 18:46:40
91,663,2026-01-01 19:09:43
84,952,2026-01-01 20:11:42
90,912,2026-01-01 21:32:03
52,55,2026-01-01 22:00:52
29,952,2026-01-01 23:32:08
59,952,2026-01-02 00:40:00
66,952,2026-01-02 01:08:20
93,306,2026-01-02 01:20:31
67,912,2026-01-02 01:26:08
45,259,2026-01-02 01:42:59
4,572,2026-01-02 02:16:41
19,912,2026-01-02 02:32:35
92,55,2026-01-02 03:19:34
17,912,2026-01-02 04:15:45
84,489,2026-01-02 06:31:04
36,912,2026-01-02 07:16:20
93,187,2026-01-02 07:16:45
36,972,2026-01-02 10:59:09
49,912,2026-01-02 11:24:02
38,512,2026-01-02 13:35:52
1,952,2026-01-02 13:48:48
38,306,2026-01-02 14:20:58
47,1032,2026-01-02 17:57:18
21,912,2026-01-02 19:09:12
50,187,2026-01-02 21:50:07
4,134,2026-01-03 01:13:29
98,892,2026-01-03 01:35:18
84,972,2026-01-03 02:49:38
92,238,2026-01-03 10:29:44
94,912,2026-01-03 10:58:02
62,12,2026-01-03 11:46:32
31,952,2026-01-03 12:26:55
52,179,2026-01-03 13:22:41
46,912,2026-01-03 15:29:04
24,952,2026-01-03 18:23:20
93,1,2026-01-04 00:19:46
72,73,2026-01-04 10:22:28
59,912,2026-01-04 16:51:08
9,912,2026-01-04 17:31:40
50,838,2026-01-04 19:39:54
98,2,2026-01-04 21:56:51
34,912,2026-01-04 22:19:11
32,724,2026-01-05 14:48:08
49,952,2026-01-05 15:42:48
5,932,2026-01-05 22:23:06
58,932,2026-01-05 23:09:20
37,1093,2026-01-06 00:23:01
21,1093,2026-01-06 01:27:02
54,932,2026-01-06 01:54:50
56,1093,2026-01-06 02:26:10
14,1093,2026-01-06 03:14:28
87,1093,2026-01-06 03:33:15
92,498,2026-01-06 03:59:57
71,1093,2026-01-06 04:22:06
2,932,2026-01-06 05:33:05
71,932,2026-01-06 06:37:36
48,715,2026-01-06 07:22:47
25,932,2026-01-06 08:17:05
39,1093,2026-01-06 08:43:29
6,932,2026-01-06 08:49:42
73,912,2026-01-06 09:13:22
42,1093,2026-01-06 10:45:04
68,1093,2026-01-06 11:57:45
28,932,2026-01-06 12:10:19
44,1093,2026-01-06 13:21:08
79,1093,2026-01-06 13:39:03
72,1072,2026-01-06 13:44:46
4,932,2026-01-06 14:01:13
7,1093,2026-01-06 16:30:54
11,1093,2026-01-06 16:41:17
31,1093,2026-01-06 18:53:42
48,375,2026-01-06 20:04:31
53,752,2026-01-06 23:23:28
23,1093,2026-01-07 00:19:51
13,932,2026-01-07 17:49:52
52,189,2026-01-07 23:23:09
64,715,2026-01-08 15:47:05
89,932,2026-01-08 16:26:17
54,602,2026-01-08 16:56:25
53,913,2026-01-08 23:47:09
27,715,2026-01-09 01:38:52
99,913,2026-01-09 06:28:00
75,913,2026-01-09 06:35:09
43,1093,2026-01-09 06:57:17
88,1093,2026-01-09 08:47:03
41,913,2026-01-09 13:13:00
21,913,2026-01-09 13:15:57
6,913,2026-01-09 16:26:25
7,913,2026-01-09 18:02:25
3,913,2026-01-09 19:44:15
65,913,2026-01-09 21:54:00
12,913,2026-01-09 22:22:26
8,913,2026-01-09 22:29:34
36,913,2026-01-10 03:13:38
91,453,2026-01-10 07:38:00
30,953,2026-01-11 00:02:11
47,953,2026-01-11 00:32:58
15,953,2026-01-11 01:20:55
76,953,2026-01-11 01:33:39
18,953,2026-01-11 02:45:02
99,953,2026-01-11 02:57:57
5,953,2026-01-11 03:07:57
73,913,2026-01-11 03:42:06
80,953,2026-01-11 04:40:52
65,953,2026-01-11 05:07:38
49,913,2026-01-11 06:12:40
87,953,2026-01-11 07:16:33
63,477,2026-01-11 07:37:25
44,953,2026-01-11 08:40:27
38,953,2026-01-11 13:15:35
68,953,2026-01-11 14:19:59
73,953,2026-01-11 15:08:20
37,953,2026-01-11 15:31:14
58,953,2026-01-11 15:59:29
16,953,2026-01-11 20:41:20
95,913,2026-01-11 22:45:56
75,953,2026-01-11 22:46:02
62,953,2026-01-11 23:22:27
42,953,2026-01-12 03:31:24
57,953,2026-01-12 10:06:34
44,913,2026-01-12 10:16:31
41,953,2026-01-12 11:07:28
67,953,2026-01-12 11:43:36
71,953,2026-01-12 13:58:14
83,953,2026-01-12 14:05:29
77,953,2026-01-12 20:27:59
23,933,2026-01-12 22:14:12
67,933,2026-01-12 22:22:34
66,933,2026-01-12 22:25:06
79,725,2026-01-12 22:57:12
48,933,2026-01-13 00:23:51
66,953,2026-01-13 00:28:06
98,933,2026-01-13 01:50:02
2,933,2026-01-13 02:28:45
93,333,2026-01-13 02:51:27
76,933,2026-01-13 03:46:58
28,933,2026-01-13 04:03:55
53,933,2026-01-13 04:17:18
64,333,2026-01-13 09:59:39
80,933,2026-01-13 10:22:15
81,953,2026-01-13 12:37:45
11,13,2026-01-13 13:48:28
59,993,2026-01-13 15:14:47
49,933,2026-01-13 22:32:48
91,404,2026-01-13 22:40:59
44,933,2026-01-13 23:08:38
32,933,2026-01-13 23:34:29
63,933,2026-01-14 00:30:18
29,333,2026-01-14 02:26:24
34,933,2026-01-14 03:58:03
86,953,2026-01-14 10:30:36
96,933,2026-01-14 12:22:32
93,1053,2026-01-15 13:05:16
42,914,2026-01-15 19:59:12
79,914,2026-01-15 20:27:21
90,914,2026-01-15 21:17:15
28,973,2026-01-15 22:20:59
50,745,2026-01-15 22:49:05
81,914,2026-01-15 23:36:17
50,121,2026-01-15 23:55:33
34,914,2026-01-16 00:20:50
66,684,2026-01-16 03:13:46
82,914,2026-01-16 04:14:04
50,465,2026-01-16 05:17:19
34,277,2026-01-16 05:42:56
97,914,2026-01-16 05:48:30
72,277,2026-01-16 06:15:36
5,914,2026-01-16 06:40:54
22,914,2026-01-16 08:20:47
92,780,2026-01-16 09:45:38
87,914,2026-01-16 10:17:56
49,914,2026-01-16 13:46:45
59,277,2026-01-16 14:10:24
91,84,2026-01-16 15:00:42
71,914,2026-01-16 16:22:31
84,914,2026-01-16 18:09:18
74,624,2026-01-16 18:51:07
26,914,2026-01-16 23:02:58
41,914,2026-01-17 00:05:39
44,914,2026-01-17 02:23:31
98,121,2026-01-17 07:41:08
1,914,2026-01-17 11:16:23
40,914,2026-01-17 11:41:14
38,914,2026-01-17 12:50:29
37,584,2026-01-17 15:45:59
23,914,2026-01-17 19:35:41
6,524,2026-01-17 23:50:36
75,914,2026-01-18 05:23:05
69,914,2026-01-18 12:07:19
6,94,2026-01-18 17:31:58
19,914,2026-01-18 19:08:50
54,654,2026-01-18 21:52:58
52,165,2026-01-18 22:55:17
50,762,2026-01-19 00:37:18
64,513,2026-01-19 02:57:15
100,674,2026-01-19 06:08:05
52,128,2026-01-19 10:26:50
25,914,2026-01-19 11:18:16
9,914,2026-01-20 02:09:29
39,914,2026-01-20 04:05:17
7,934,2026-01-20 12:29:34
51,934,2026-01-20 12:49:27
88,934,2026-01-20 14:19:27
18,934,2026-01-20 14:41:33
21,343,2026-01-20 16:25:08
36,934,2026-01-20 16:59:01
3,934,2026-01-20 17:41:03
23,934,2026-01-20 17:46:19
30,934,2026-01-20 18:51:56
65,934,2026-01-20 20:30:19
12,934,2026-01-21 00:19:34
100,376,2026-01-21 05:39:34
14,934,2026-01-21 09:10:24
87,934,2026-01-21 14:38:52
62,934,2026-01-21 18:55:30
55,1095,2026-01-22 02:41:28
89,1095,2026-01-22 02:46:21
32,954,2026-01-22 03:13:56
68,954,2026-01-22 04:55:21
32,1095,2026-01-22 05:12:38
80,954,2026-01-22 05:57:06
81,934,2026-01-22 06:44:12
26,1095,2026-01-22 07:05:40
4,954,2026-01-22 08:54:48
21,954,2026-01-22 10:32:17
33,934,2026-01-22 10:38:20
65,954,2026-01-22 14:13:25
18,1095,2026-01-22 16:01:57
66,954,2026-01-22 17:57:13
1,954,2026-01-22 17:58:47
6,934,2026-01-22 18:34:38
95,954,2026-01-22 18:50:40
85,954,2026-01-22 21:56:47
98,47,2026-01-23 00:12:21
61,954,2026-01-23 00:15:15
19,1095,2026-01-23 00:26:56
34,954,2026-01-23 01:22:04
52,478,2026-01-23 02:00:48
85,1095,2026-01-23 02:27:45
60,954,2026-01-23 06:45:33
44,954,2026-01-23 07:21:20
91,191,2026-01-23 12:05:55
81,1095,2026-01-23 13:40:31
2,954,2026-01-23 14:35:06
35,954,2026-01-24 01:28:11
44,915,2026-01-25 02:33:55
89,915,2026-01-25 05:05:06
9,915,2026-01-25 08:50:17
51,915,2026-01-25 12:40:48
59,915,2026-01-25 14:01:58
60,915,2026-01-25 16:21:02
68,915,2026-01-25 20:37:42
3,915,2026-01-25 22:48:50
31,954,2026-01-26 09:52:28
41,389,2026-01-26 11:06:21
22,389,2026-01-26 17:20:23
88,915,2026-01-26 17:23:58
100,389,2026-01-26 20:15:53
39,915,2026-01-26 20:54:19
36,915,2026-01-26 21:28:28
58,915,2026-01-27 01:10:58
2,1095,2026-01-27 07:46:45
8,405,2026-01-27 16:04:36
15,705,2026-01-27 16:40:48
67,915,2026-01-28 13:15:42
86,265,2026-01-28 14:49:24
23,265,2026-01-28 21:38:41
32,1074,2026-01-28 21:51:41
38,808,2026-01-28 21:56:14
67,1074,2026-01-28 22:48:19
11,1074,2026-01-28 23:14:54
51,1074,2026-01-29 00:24:37
82,1074,2026-01-29 01:26:54
99,230,2026-01-29 01:50:31
64,75,2026-01-29 03:23:53
23,1074,2026-01-29 04:33:27
5,1074,2026-01-29 06:01:53
28,230,2026-01-29 06:09:17
90,1074,2026-01-29 07:20:00
57,1074,2026-01-29 08:12:56
19,1074,2026-01-29 20:25:15
93,430,2026-01-29 20:41:20
56,1074,2026-01-30 00:19:52
91,974,2026-01-30 05:00:53
49,1074,2026-01-30 09:17:43
18,1074,2026-01-30 11:11:04
3,1074,2026-01-30 12:39:14
47,1074,2026-01-30 13:19:28
75,1074,2026-01-30 17:35:46
17,915,2026-01-30 17:50:59
29,1074,2026-01-30 20:26:44
69,1074,2026-01-30 22:19:15
81,1014,2026-01-31 07:22:51
61,1074,2026-01-31 11:51:48
79,1074,2026-02-01 12:57:45
77,915,2026-02-02 05:18:41
65,406,2026-02-02 13:58:57
42,1074,2026-02-02 16:11:40
85,840,2026-02-05 21:05:54
93,840,2026-02-05 21:58:16
83,840,2026-02-06 12:02:42
52,278,2026-02-07 00:24:52
14,4,2026-02-07 18:39:49
93,545,2026-02-07 20:24:09
98,545,2026-02-07 21:48:19
91,214,2026-02-08 00:19:11
91,706,2026-02-08 03:01:45
72,790,2026-02-08 07:58:24
98,214,2026-02-08 15:32:37
37,935,2026-02-08 19:07:44
33,935,2026-02-08 22:42:50
51,935,2026-02-08 22:59:44
39,935,2026-02-08 23:52:38
94,935,2026-02-09 01:32:40
17,935,2026-02-09 02:58:01
75,935,2026-02-09 04:08:43
71,935,2026-02-09 04:38:18
38,935,2026-02-09 05:15:22
79,935,2026-02-09 10:46:47
93,935,2026-02-09 12:55:18
93,25,2026-02-09 13:52:49
93,192,2026-02-09 14:55:23
48,935,2026-02-09 14:59:29
64,545,2026-02-09 15:28:43
93,112,2026-02-09 20:31:55
40,935,2026-02-10 02:07:12
91,15,2026-02-10 02:43:44
8,935,2026-02-10 08:19:22
90,935,2026-02-10 16:11:24
72,491,2026-02-10 16:57:57
93,181,2026-02-10 17:23:24
52,975,2026-02-10 17:53:41
10,935,2026-02-10 21:04:14
72,419,2026-02-10 21:44:30
98,851,2026-02-10 22:19:50
64,819,2026-02-10 22:48:01
64,851,2026-02-10 23:02:45
52,737,2026-02-10 23:43:35
72,129,2026-02-10 23:54:16
36,363,2026-02-11 02:36:13
50,363,2026-02-11 02:58:34
52,112,2026-02-11 04:43:05
83,641,2026-02-11 05:01:37
98,830,2026-02-11 05:19:53
52,181,2026-02-11 05:40:15
92,851,2026-02-11 05:42:54
52,819,2026-02-11 05:44:05
91,904,2026-02-11 06:00:15
100,593,2026-02-11 06:28:37
98,308,2026-02-11 06:40:35
64,479,2026-02-11 06:48:51
98,25,2026-02-11 07:05:29
84,501,2026-02-11 09:02:16
93,894,2026-02-11 09:22:31
92,830,2026-02-11 11:17:00
92,112,2026-02-11 11:51:11
92,526,2026-02-11 12:12:41
16,308,2026-02-11 12:21:04
64,526,2026-02-11 12:41:21
93,641,2026-02-11 13:05:51
15,935,2026-02-11 14:40:21
98,363,2026-02-11 16:43:50
93,830,2026-02-11 17:27:03
72,830,2026-02-11 20:59:04
100,737,2026-02-12 00:55:06
98,325,2026-02-12 01:39:49
52,76,2026-02-12 05:59:21
52,255,2026-02-12 11:40:02
52,325,2026-02-12 12:43:23
72,894,2026-02-12 14:28:33
7,916,2026-02-12 17:23:45
64,166,2026-02-12 17:26:33
81,916,2026-02-12 17:49:19
64,501,2026-02-12 17:52:21
80,955,2026-02-12 18:34:19
85,955,2026-02-12 19:06:24
46,955,2026-02-12 19:08:48
93,479,2026-02-12 19:22:48
44,955,2026-02-12 19:37:02
100,763,2026-02-12 19:52:01
98,955,2026-02-12 20:18:01
88,955,2026-02-12 20:32:37
63,916,2026-02-12 20:44:00
72,955,2026-02-12 20:59:13
74,916,2026-02-12 21:19:21
64,454,2026-02-12 21:38:09
10,955,2026-02-12 21:45:13
100,1055,2026-02-12 21:52:26
72,746,2026-02-12 22:37:18
60,955,2026-02-12 22:44:08
72,86,2026-02-12 23:00:56
92,1015,2026-02-12 23:28:27
79,955,2026-02-12 23:41:46
1,1097,2026-02-13 00:11:15
39,1097,2026-02-13 00:18:09
93,781,2026-02-13 00:35:10
72,1035,2026-02-13 00:47:29
52,38,2026-02-13 01:04:43
53,916,2026-02-13 01:08:42
8,86,2026-02-13 01:17:58
4,1097,2026-02-13 01:18:56
20,717,2026-02-13 01:24:01
82,1097,2026-02-13 01:51:53
79,1097,2026-02-13 02:26:30
100,122,2026-02-13 03:34:54
42,955,2026-02-13 03:49:17
16,955,2026-02-13 04:41:54
64,515,2026-02-13 04:50:40
57,916,2026-02-13 04:52:29
17,1097,2026-02-13 05:19:11
64,266,2026-02-13 06:22:31
71,955,2026-02-13 06:28:24
67,1097,2026-02-13 07:25:54
53,1097,2026-02-13 07:32:05
13,916,2026-02-13 08:07:35
16,916,2026-02-13 08:08:01
100,454,2026-02-13 08:21:25
68,916,2026-02-13 09:46:08
62,916,2026-02-13 10:15:28
72,861,2026-02-13 10:27:19
100,955,2026-02-13 11:50:15
64,86,2026-02-13 12:05:52
12,916,2026-02-13 12:52:02
74,955,2026-02-13 13:02:26
36,916,2026-02-13 13:36:25
28,955,2026-02-13 14:27:17
50,86,2026-02-13 14:34:51
52,841,2026-02-13 15:18:31
3,1097,2026-02-13 15:51:04
20,916,2026-02-13 17:13:32
37,916,2026-02-13 17:14:05
96,955,2026-02-13 18:37:09
44,536,2026-02-13 20:56:35
9,1097,2026-02-13 21:40:52
92,675,2026-02-13 21:52:01
63,955,2026-02-13 22:24:12
76,955,2026-02-13 23:45:19
93,763,2026-02-14 00:30:33
46,916,2026-02-14 01:40:11
97,916,2026-02-14 02:01:06
96,1097,2026-02-14 03:02:07
22,1097,2026-02-14 03:15:38
92,763,2026-02-14 06:38:24
93,746,2026-02-14 07:06:16
50,955,2026-02-14 09:02:00
80,431,2026-02-14 09:30:42
14,916,2026-02-14 11:58:39
50,916,2026-02-14 12:23:07
72,240,2026-02-14 13:34:27
50,1075,2026-02-14 14:52:59
11,1097,2026-02-14 15:07:24
15,642,2026-02-14 22:55:00
93,58,2026-02-15 01:06:31
92,113,2026-02-15 03:23:47
50,717,2026-02-15 04:45:09
5,916,2026-02-15 12:00:40
50,564,2026-02-15 12:23:04
7,955,2026-02-15 12:23:20
15,916,2026-02-15 16:25:42
52,266,2026-02-15 17:43:15
16,58,2026-02-15 20:12:57
91,299,2026-02-15 22:19:05
72,335,2026-02-15 22:24:11
52,96,2026-02-15 22:37:54
73,936,2026-02-15 22:41:54
67,936,2026-02-15 22:47:54
59,335,2026-02-15 23:03:47
93,883,2026-02-15 23:12:43
50,158,2026-02-16 00:00:57
50,377,2026-02-16 00:17:06
100,407,2026-02-16 01:06:38
71,936,2026-02-16 01:15:35
93,772,2026-02-16 01:25:41
47,936,2026-02-16 01:51:17
62,364,2026-02-16 02:24:16
91,377,2026-02-16 02:24:24
30,936,2026-02-16 02:46:24
38,772,2026-02-16 03:01:55
74,642,2026-02-16 05:23:31
70,936,2026-02-16 05:24:40
50,335,2026-02-16 05:31:25
66,936,2026-02-16 05:45:45
40,936,2026-02-16 05:52:55
90,936,2026-02-16 05:56:23
100,96,2026-02-16 07:17:07
98,299,2026-02-16 07:48:04
91,695,2026-02-16 08:04:22
52,158,2026-02-16 08:49:23
93,604,2026-02-16 11:04:12
31,936,2026-02-16 11:32:35
45,936,2026-02-16 14:17:33
72,96,2026-02-16 15:44:12
58,936,2026-02-16 16:09:16
21,936,2026-02-16 16:58:30
33,936,2026-02-16 17:38:27
100,299,2026-02-16 18:25:49
34,936,2026-02-16 18:52:29
50,407,2026-02-16 18:54:39
15,377,2026-02-16 20:33:20
36,936,2026-02-16 22:20:30
56,936,2026-02-16 23:32:46
64,231,2026-02-16 23:43:02
24,1097,2026-02-17 01:31:34
98,364,2026-02-17 01:54:57
92,883,2026-02-17 02:34:32
50,604,2026-02-17 04:36:50
4,695,2026-02-17 07:32:55
64,158,2026-02-17 09:34:29
76,936,2026-02-17 12:51:43
50,883,2026-02-17 14:34:49
55,936,2026-02-17 16:44:36
8,936,2026-02-17 17:29:10
72,221,2026-02-17 21:09:46
93,995,2026-02-18 01:11:14
1,936,2026-02-18 04:14:31
93,377,2026-02-18 05:05:36
27,936,2026-02-18 09:13:06
64,335,2026-02-18 13:45:38
43,1097,2026-02-18 15:52:05
100,249,2026-02-18 23:18:37
91,67,2026-02-19 00:50:55
72,249,2026-02-19 02:43:14
52,249,2026-02-19 05:41:51
50,249,2026-02-19 09:52:53
50,67,2026-02-19 12:49:54
5,299,2026-02-19 21:31:24
38,936,2026-02-20 02:06:28
72,67,2026-02-20 08:24:48
93,249,2026-02-20 13:24:14
91,6,2026-02-20 16:04:30
56,917,2026-02-21 00:06:38
81,1056,2026-02-21 00:25:45
46,917,2026-02-21 00:27:36
64,249,2026-02-21 02:51:14
88,917,2026-02-21 03:12:44
6,917,2026-02-21 03:16:40
25,917,2026-02-21 03:34:37
14,917,2026-02-21 05:30:24
97,917,2026-02-21 10:02:01
84,917,2026-02-21 10:07:10
43,917,2026-02-21 11:42:38
10,917,2026-02-21 11:52:51
33,917,2026-02-21 12:09:31
26,917,2026-02-21 13:34:00
93,352,2026-02-21 15:21:53
64,352,2026-02-21 16:42:19
14,279,2026-02-21 16:54:18
24,917,2026-02-21 17:04:32
71,917,2026-02-21 21:09:09
36,917,2026-02-21 23:00:02
81,917,2026-02-21 23:06:48
63,917,2026-02-22 04:58:59
11,917,2026-02-22 09:31:42
20,917,2026-02-22 12:30:00
62,917,2026-02-22 23:21:16
17,391,2026-02-23 00:20:41
28,917,2026-02-23 01:59:07
48,917,2026-02-23 08:02:26
2,917,2026-02-23 23:25:39
32,956,2026-02-25 06:00:11
27,956,2026-02-25 06:30:47
28,956,2026-02-25 06:33:10
38,956,2026-02-25 08:40:50
16,956,2026-02-25 09:20:02
67,956,2026-02-25 10:26:53
37,956,2026-02-25 11:19:15
41,956,2026-02-25 14:22:08
82,956,2026-02-25 14:27:41
80,956,2026-02-25 18:57:31
66,956,2026-02-25 22:26:48
65,956,2026-02-25 23:32:43
4,956,2026-02-26 05:16:06
50,956,2026-02-26 10:08:25
90,956,2026-02-26 10:33:31
52,676,2026-02-26 10:33:51
7,956,2026-02-26 12:04:29
61,996,2026-02-26 17:31:28
39,956,2026-02-26 17:55:49
42,956,2026-02-26 19:20:38
61,956,2026-02-26 20:59:02
88,956,2026-02-26 21:18:24
65,676,2026-02-26 23:18:11
96,537,2026-02-27 03:33:22
70,956,2026-02-27 05:39:14
22,956,2026-02-27 05:48:21
79,956,2026-02-27 10:33:30
61,937,2026-02-28 01:56:28
80,937,2026-02-28 02:49:49
69,937,2026-02-28 03:45:00
62,937,2026-02-28 05:12:31
93,480,2026-02-28 05:37:48
59,937,2026-02-28 06:02:25
29,937,2026-02-28 06:18:12
84,937,2026-02-28 07:13:28
86,937,2026-02-28 08:25:54
50,905,2026-02-28 12:20:55
72,1076,2026-02-28 12:38:06
1,937,2026-02-28 13:16:13
37,937,2026-02-28 13:30:40
30,937,2026-02-28 14:41:54
93,872,2026-02-28 16:36:41
53,937,2026-02-28 19:14:13
12,956,2026-02-28 21:53:15
24,605,2026-02-28 22:00:05
13,937,2026-02-28 23:30:43
11,937,2026-02-28 23:41:52
6,937,2026-02-28 23:51:24
24,937,2026-03-01 03:55:31
58,937,2026-03-01 09:49:29
98,666,2026-03-01 13:38:07
91,605,2026-03-01 15:34:18
93,159,2026-03-01 22:27:20
82,852,2026-03-02 00:39:52
66,937,2026-03-02 03:22:12
25,937,2026-03-02 08:56:32
81,937,2026-03-02 12:40:22
50,194,2026-03-03 03:38:25
89,159,2026-03-03 19:13:28
15,152,2026-03-04 19:27:01
64,747,2026-03-05 13:21:49
43,957,2026-03-05 15:55:44
73,957,2026-03-05 16:58:49
12,957,2026-03-05 20:31:25
50,137,2026-03-05 21:01:55
95,862,2026-03-05 21:03:41
59,378,2026-03-05 21:13:18
95,957,2026-03-05 21:24:23
17,957,2026-03-05 22:20:00
44,957,2026-03-06 01:22:15
98,7,2026-03-06 03:19:53
53,957,2026-03-06 04:29:01
88,957,2026-03-06 06:05:14
36,957,2026-03-06 07:43:51
90,957,2026-03-06 10:38:02
96,957,2026-03-06 16:24:00
83,957,2026-03-06 16:58:56
26,575,2026-03-06 17:07:00
9,957,2026-03-06 18:32:43
33,957,2026-03-06 21:39:53
68,957,2026-03-06 22:21:20
75,957,2026-03-06 23:45:46
46,957,2026-03-07 15:49:49
27,97,2026-03-09 07:19:32
61,957,2026-03-09 07:31:02
50,764,2026-03-10 12:16:27
50,606,2026-03-10 15:24:11
50,232,2026-03-10 15:28:42
92,738,2026-03-10 17:16:31
70,938,2026-03-10 20:36:21
74,938,2026-03-10 21:06:45
35,918,2026-03-10 21:15:49
20,918,2026-03-10 22:09:20
66,918,2026-03-10 22:29:29
9,918,2026-03-10 23:33:02
5,918,2026-03-10 23:34:25
18,918,2026-03-10 23:50:57
4,918,2026-03-11 00:12:59
51,918,2026-03-11 00:42:12
38,918,2026-03-11 00:48:04
36,918,2026-03-11 00:56:15
47,918,2026-03-11 01:04:48
10,918,2026-03-11 01:23:14
81,938,2026-03-11 01:39:12
90,645,2026-03-11 02:08:01
21,918,2026-03-11 02:51:11
85,938,2026-03-11 03:08:44
93,918,2026-03-11 03:25:54
3,938,2026-03-11 04:01:16
62,918,2026-03-11 04:05:57
51,938,2026-03-11 04:18:26
13,938,2026-03-11 05:36:34
45,957,2026-03-11 05:47:20
88,918,2026-03-11 05:49:44
60,938,2026-03-11 06:23:40
79,918,2026-03-11 06:26:29
53,918,2026-03-11 11:00:44
14,938,2026-03-11 11:21:29
76,918,2026-03-11 11:40:45
11,938,2026-03-11 12:18:26
81,918,2026-03-11 12:31:20
70,918,2026-03-11 12:32:45
89,938,2026-03-11 15:54:03
55,938,2026-03-11 17:32:34
29,938,2026-03-11 17:38:52
55,918,2026-03-11 20:20:45
97,918,2026-03-11 20:50:24
96,938,2026-03-11 21:59:51
63,918,2026-03-11 22:41:35
79,938,2026-03-12 02:18:54
5,938,2026-03-12 03:29:57
100,773,2026-03-12 04:27:25
99,918,2026-03-13 02:45:56
87,918,2026-03-13 10:56:31
52,337,2026-03-13 11:04:39
76,938,2026-03-13 14:07:54
36,68,2026-03-13 15:43:09
46,918,2026-03-14 18:11:23
92,160,2026-03-21 23:10:52
50,89,2026-03-23 23:57:21
93,421,2026-03-24 14:13:08
50,379,2026-03-24 15:49:48
90,708,2026-03-24 16:08:52
13,708,2026-03-24 16:36:56
96,708,2026-03-24 17:15:33
44,919,2026-03-24 17:17:56
98,697,2026-03-24 17:35:52
50,292,2026-03-24 17:35:53
61,958,2026-03-24 17:44:18
70,354,2026-03-24 17:50:43
32,919,2026-03-24 17:50:56
65,708,2026-03-24 17:58:26
100,792,2026-03-24 18:16:54
51,919,2026-03-24 18:23:00
71,1099,2026-03-24 18:36:42
91,145,2026-03-24 18:38:43
13,1099,2026-03-24 18:48:38
39,939,2026-03-24 19:12:39
68,919,2026-03-24 19:25:18
69,939,2026-03-24 19:38:29
79,708,2026-03-24 19:46:17
69,607,2026-03-24 20:01:46
79,939,2026-03-24 20:02:29
88,708,2026-03-24 20:04:03
35,939,2026-03-24 20:52:03
50,1018,2026-03-24 21:33:33
65,1099,2026-03-24 21:42:26
87,919,2026-03-24 21:52:57
30,1099,2026-03-24 21:53:05
93,354,2026-03-24 22:08:42
89,939,2026-03-24 22:14:59
34,958,2026-03-24 22:26:00
14,380,2026-03-24 22:47:18
96,1099,2026-03-24 23:32:24
47,919,2026-03-25 00:06:59
48,939,2026-03-25 00:07:33
3,1099,2026-03-25 00:09:41
93,549,2026-03-25 00:12:29
21,443,2026-03-25 00:14:46
38,958,2026-03-25 00:32:04
81,939,2026-03-25 00:57:36
56,1099,2026-03-25 01:33:57
64,409,2026-03-25 02:00:51
35,708,2026-03-25 02:46:05
48,380,2026-03-25 02:52:27
8,919,2026-03-25 03:12:28
34,708,2026-03-25 03:17:39
37,708,2026-03-25 03:42:11
31,958,2026-03-25 03:53:04
94,280,2026-03-25 04:01:25
49,939,2026-03-25 04:05:01
59,708,2026-03-25 05:09:23
99,1099,2026-03-25 05:20:57
9,958,2026-03-25 05:54:03
2,958,2026-03-25 06:36:44
91,843,2026-03-25 06:49:14
51,708,2026-03-25 06:53:52
78,708,2026-03-25 06:55:47
86,939,2026-03-25 07:01:52
28,919,2026-03-25 07:09:34
70,1099,2026-03-25 07:10:38
48,1099,2026-03-25 07:15:37
42,939,2026-03-25 07:30:38
95,1099,2026-03-25 07:40:19
95,708,2026-03-25 07:44:22
52,268,2026-03-25 08:03:17
32,708,2026-03-25 08:17:22
29,1099,2026-03-25 08:41:03
27,958,2026-03-25 08:45:36
78,919,2026-03-25 09:08:11
9,939,2026-03-25 09:45:23
74,1099,2026-03-25 10:06:06
91,1018,2026-03-25 10:35:44
72,998,2026-03-25 11:20:20
48,708,2026-03-25 12:03:57
27,939,2026-03-25 12:04:20
81,1099,2026-03-25 12:18:55
1,708,2026-03-25 12:39:19
40,1099,2026-03-25 12:44:19
32,958,2026-03-25 13:30:01
36,958,2026-03-25 14:17:32
81,708,2026-03-25 14:27:51
57,493,2026-03-25 14:39:31
91,939,2026-03-25 14:44:53
71,708,2026-03-25 15:05:52
12,379,2026-03-25 15:24:07
80,708,2026-03-25 15:41:52
12,919,2026-03-25 16:03:45
18,958,2026-03-25 16:09:58
18,708,2026-03-25 16:11:04
52,748,2026-03-25 16:17:47
30,958,2026-03-25 16:43:10
49,708,2026-03-25 17:18:08
76,481,2026-03-25 17:47:30
2,1099,2026-03-25 17:48:53
83,802,2026-03-25 19:31:00
99,393,2026-03-25 20:13:46
100,1018,2026-03-25 20:17:04
35,919,2026-03-25 20:28:31
98,748,2026-03-25 21:08:19
11,939,2026-03-25 21:19:17
12,939,2026-03-25 21:48:40
25,958,2026-03-25 23:45:44
84,301,2026-03-26 00:35:20
8,939,2026-03-26 00:35:59
12,1099,2026-03-26 02:05:34
80,1099,2026-03-26 04:37:31
67,939,2026-03-26 04:42:14
35,1099,2026-03-26 05:32:43
98,517,2026-03-26 05:57:10
96,517,2026-03-26 06:02:51
66,919,2026-03-26 06:53:32
75,939,2026-03-26 07:53:34
3,939,2026-03-26 10:22:19
78,1099,2026-03-26 12:31:38
76,920,2026-03-26 13:34:44
47,708,2026-03-26 14:05:43
19,1101,2026-03-26 15:08:28
21,940,2026-03-26 15:13:17
90,920,2026-03-26 15:24:09
95,958,2026-03-26 17:10:46
28,1101,2026-03-26 17:19:34
98,668,2026-03-26 17:20:32
35,920,2026-03-26 17:34:38
24,1101,2026-03-26 17:38:17
11,919,2026-03-26 17:58:17
91,907,2026-03-26 18:07:10
33,920,2026-03-26 18:19:10
15,958,2026-03-26 18:21:42
29,939,2026-03-26 18:51:06
26,940,2026-03-26 19:02:08
38,920,2026-03-26 19:20:47
63,920,2026-03-26 19:39:51
29,920,2026-03-26 20:12:36
55,940,2026-03-26 20:15:23
90,940,2026-03-26 21:08:59
77,1101,2026-03-26 21:28:23
53,1099,2026-03-26 22:35:25
74,920,2026-03-26 23:43:46
34,920,2026-03-26 23:47:19
62,920,2026-03-27 00:02:59
45,958,2026-03-27 00:11:13
71,959,2026-03-27 00:53:19
72,1059,2026-03-27 01:28:54
66,959,2026-03-27 01:47:18
47,959,2026-03-27 02:15:23
24,959,2026-03-27 02:17:40
72,529,2026-03-27 02:40:22
44,920,2026-03-27 02:55:02
97,958,2026-03-27 03:11:07
81,920,2026-03-27 03:34:59
20,959,2026-03-27 04:00:43
9,802,2026-03-27 04:17:28
30,959,2026-03-27 04:19:08
4,920,2026-03-27 04:35:09
43,959,2026-03-27 04:40:08
62,355,2026-03-27 04:46:55
26,939,2026-03-27 05:09:40
84,919,2026-03-27 05:13:01
90,1101,2026-03-27 05:23:18
71,920,2026-03-27 05:53:04
24,940,2026-03-27 06:23:21
11,1101,2026-03-27 06:54:29
22,920,2026-03-27 06:54:38
85,1101,2026-03-27 06:55:34
16,920,2026-03-27 06:56:11
42,959,2026-03-27 08:11:06
96,959,2026-03-27 09:24:31
10,1101,2026-03-27 09:54:15
57,940,2026-03-27 10:23:49
72,907,2026-03-27 10:31:58
78,233,2026-03-27 11:03:18
17,708,2026-03-27 11:07:01
68,959,2026-03-27 11:38:49
56,920,2026-03-27 11:47:38
62,959,2026-03-27 13:46:14
73,959,2026-03-27 14:51:38
60,940,2026-03-27 16:03:42
32,821,2026-03-27 17:16:00
95,939,2026-03-27 17:20:53
7,940,2026-03-27 18:32:29
36,920,2026-03-27 18:40:11
38,959,2026-03-27 19:04:29
45,940,2026-03-27 19:36:06
98,784,2026-03-27 21:35:09
17,920,2026-03-27 21:42:41
89,920,2026-03-27 21:47:11
38,940,2026-03-27 21:52:43
92,421,2026-03-27 22:12:05
26,959,2026-03-27 23:09:54
64,106,2026-03-27 23:39:38
93,757,2026-03-28 01:23:03
98,225,2026-03-28 01:23:05
82,959,2026-03-28 03:41:56
23,920,2026-03-28 04:03:51
23,959,2026-03-28 05:12:19
55,1101,2026-03-28 05:39:37
94,940,2026-03-28 05:40:59
67,1101,2026-03-28 11:29:35
1,940,2026-03-28 11:39:31
91,1039,2026-03-28 12:14:14
70,920,2026-03-28 18:49:13
80,959,2026-03-28 19:44:45
34,959,2026-03-28 22:36:25
22,940,2026-03-29 01:33:24
58,958,2026-03-29 02:12:49
46,940,2026-03-29 04:30:07
100,167,2026-03-29 05:41:55
17,959,2026-03-29 07:02:13
73,940,2026-03-29 11:27:33
80,1101,2026-03-29 19:50:56
15,897,2026-03-29 20:17:05
53,1101,2026-03-30 08:14:07
46,959,2026-03-30 09:11:41
87,959,2026-03-30 10:48:11
19,940,2026-03-30 23:44:58
52,242,2026-04-01 02:13:06
98,311,2026-04-02 13:47:00
98,293,2026-04-04 19:20:12
5,445,2026-04-05 09:05:48
89,941,2026-04-05 11:20:38
82,941,2026-04-05 11:25:13
88,941,2026-04-05 12:08:14
5,941,2026-04-05 12:26:13
87,960,2026-04-05 13:10:39
28,941,2026-04-05 13:35:55
35,960,2026-04-05 14:42:43
56,921,2026-04-05 15:39:33
54,960,2026-04-05 15:43:55
51,960,2026-04-05 15:48:37
55,941,2026-04-05 16:47:17
84,921,2026-04-05 17:21:18
6,960,2026-04-05 17:48:27
4,960,2026-04-05 18:12:31
10,921,2026-04-05 18:14:03
65,941,2026-04-05 18:59:05
83,941,2026-04-05 19:36:19
54,941,2026-04-05 19:44:22
19,941,2026-04-05 20:28:59
33,960,2026-04-05 20:47:07
3,648,2026-04-05 20:52:20
79,921,2026-04-05 20:52:26
48,960,2026-04-05 21:12:33
94,282,2026-04-05 21:26:51
52,648,2026-04-05 22:13:01
96,921,2026-04-06 00:30:07
97,921,2026-04-06 00:41:41
65,960,2026-04-06 00:52:25
15,960,2026-04-06 01:51:34
34,941,2026-04-06 01:56:38
98,116,2026-04-06 02:14:50
3,960,2026-04-06 04:56:58
11,921,2026-04-06 07:44:01
58,941,2026-04-06 08:17:00
50,1080,2026-04-06 08:51:31
30,921,2026-04-06 09:39:32
99,960,2026-04-06 10:23:16
7,921,2026-04-06 12:23:12
94,921,2026-04-06 12:46:56
35,941,2026-04-06 15:06:55
8,941,2026-04-06 15:12:18
42,960,2026-04-06 16:47:21
94,941,2026-04-06 17:28:42
57,921,2026-04-06 18:27:07
19,741,2026-04-06 21:53:26
57,960,2026-04-06 22:58:58
19,921,2026-04-07 04:32:01
63,941,2026-04-07 04:53:22
97,960,2026-04-07 05:42:55
36,941,2026-04-07 07:11:22
7,941,2026-04-07 10:03:17
50,1040,2026-04-07 11:53:51
83,369,2026-04-07 18:05:49
92,270,2026-04-07 18:28:28
9,921,2026-04-07 20:15:45
27,941,2026-04-08 00:29:21
4,458,2026-04-08 06:45:09
73,941,2026-04-08 07:48:26
44,741,2026-04-08 09:23:43
17,960,2026-04-08 23:21:36
1,941,2026-04-08 23:32:04
72,648,2026-04-09 03:09:11
21,519,2026-04-10 11:56:34
64,319,2026-04-10 16:12:48
64,61,2026-04-10 22:38:05
8,1103,2026-04-11 03:04:39
76,302,2026-04-11 03:31:05
67,1103,2026-04-11 08:16:12
25,1103,2026-04-11 08:35:50
93,435,2026-04-11 10:15:44
76,1103,2026-04-11 10:29:24
39,1103,2026-04-11 11:12:56
80,1103,2026-04-11 13:56:23
10,1103,2026-04-11 14:41:13
96,619,2026-04-11 16:30:44
90,1103,2026-04-12 03:08:24
55,961,2026-04-12 04:34:09
19,961,2026-04-12 04:38:09
9,961,2026-04-12 05:05:00
35,961,2026-04-12 06:31:17
85,961,2026-04-12 06:47:54
33,1103,2026-04-12 07:15:46
77,961,2026-04-12 08:04:33
87,961,2026-04-12 09:12:14
95,749,2026-04-12 10:38:31
74,961,2026-04-12 11:13:03
18,1103,2026-04-12 12:04:06
20,1103,2026-04-12 12:16:48
62,961,2026-04-12 12:47:36
31,961,2026-04-12 18:07:01
56,961,2026-04-12 19:07:13
43,961,2026-04-12 20:39:29
22,961,2026-04-12 21:51:11
3,922,2026-04-12 23:50:59
67,1021,2026-04-13 00:11:35
60,922,2026-04-13 00:25:07
15,922,2026-04-13 00:41:39
42,961,2026-04-13 00:48:02
39,922,2026-04-13 01:07:05
97,1021,2026-04-13 01:43:18
73,922,2026-04-13 01:49:25
23,922,2026-04-13 02:02:47
59,922,2026-04-13 02:24:43
10,922,2026-04-13 02:47:53
90,845,2026-04-13 02:59:27
18,908,2026-04-13 04:05:28
75,1021,2026-04-13 04:10:15
81,922,2026-04-13 04:20:29
37,1103,2026-04-13 04:36:34
84,922,2026-04-13 04:37:04
67,961,2026-04-13 05:50:03
29,922,2026-04-13 05:51:10
27,922,2026-04-13 05:53:49
56,1021,2026-04-13 08:00:08
77,922,2026-04-13 08:24:26
69,922,2026-04-13 08:40:09
52,226,2026-04-13 09:56:27
83,1021,2026-04-13 09:59:07
90,922,2026-04-13 10:01:00
3,459,2026-04-13 10:10:25
65,922,2026-04-13 10:31:18
12,922,2026-04-13 11:24:11
29,961,2026-04-13 11:40:21
79,1021,2026-04-13 12:07:02
20,922,2026-04-13 15:41:03
28,1021,2026-04-13 16:23:15
67,922,2026-04-13 18:08:28
93,669,2026-04-13 18:34:41
12,961,2026-04-13 18:59:22
62,922,2026-04-13 20:10:56
99,922,2026-04-13 22:45:35
4,1021,2026-04-13 23:59:37
8,961,2026-04-14 00:17:18
87,1103,2026-04-14 01:46:52
6,506,2026-04-14 02:54:46
92,631,2026-04-14 04:05:06
6,961,2026-04-14 04:19:15
75,922,2026-04-14 06:40:46
5,1021,2026-04-14 07:37:23
62,139,2026-04-14 10:41:00
30,1021,2026-04-14 11:50:22
16,1021,2026-04-14 18:02:31
27,961,2026-04-14 20:51:42
15,961,2026-04-14 21:52:26
48,922,2026-04-15 04:20:25
73,1021,2026-04-15 12:34:06
35,1021,2026-04-15 12:37:36
13,942,2026-04-15 23:41:08
77,942,2026-04-15 23:45:45
46,942,2026-04-16 05:32:05
50,161,2026-04-16 05:38:59
83,981,2026-04-16 08:08:58
28,942,2026-04-16 08:22:53
70,942,2026-04-16 17:46:47
4,942,2026-04-16 22:07:54
43,942,2026-04-16 22:46:00
55,922,2026-04-16 22:46:11
92,153,2026-04-16 23:50:31
82,1041,2026-04-17 02:22:03
30,922,2026-04-17 05:11:28
91,139,2026-04-17 07:11:43
71,942,2026-04-17 12:42:29
50,981,2026-04-17 16:24:51
49,1021,2026-04-17 19:07:43
74,484,2026-04-17 20:02:06
51,942,2026-04-18 00:09:11
85,942,2026-04-18 01:01:08
45,942,2026-04-18 03:16:56
64,898,2026-04-19 21:47:13
5,446,2026-04-19 22:08:58
64,184,2026-04-20 02:58:55
11,923,2026-04-20 15:45:35
89,923,2026-04-20 16:13:55
12,1105,2026-04-20 17:41:36
95,1105,2026-04-20 17:46:28
40,1105,2026-04-20 18:24:30
32,923,2026-04-20 18:25:14
80,1105,2026-04-20 18:52:46
2,923,2026-04-20 19:08:44
45,962,2026-04-20 19:22:40
12,962,2026-04-20 20:16:41
27,1105,2026-04-20 20:39:29
56,962,2026-04-20 23:06:46
16,1105,2026-04-20 23:48:26
25,1105,2026-04-21 06:33:58
81,923,2026-04-21 06:47:23
88,1105,2026-04-21 07:36:26
56,923,2026-04-21 07:36:27
55,962,2026-04-21 09:48:53
36,1105,2026-04-21 09:58:57
68,1105,2026-04-21 10:17:19
10,962,2026-04-21 11:21:54
3,962,2026-04-21 12:39:18
44,923,2026-04-21 13:46:17
41,1105,2026-04-21 15:35:41
37,1105,2026-04-21 17:03:06
63,1105,2026-04-21 17:05:12
7,1105,2026-04-21 18:35:56
96,962,2026-04-21 19:43:12
61,1105,2026-04-21 20:06:59
71,962,2026-04-21 21:38:24
95,923,2026-04-21 22:28:53
6,1105,2026-04-21 22:59:28
73,1105,2026-04-22 00:50:49
36,923,2026-04-22 04:01:48
67,923,2026-04-22 11:24:43
32,1105,2026-04-22 12:51:57
25,962,2026-04-22 19:50:35
56,1105,2026-04-22 22:52:15
89,1105,2026-04-23 00:26:30
78,923,2026-04-23 02:52:17
70,962,2026-04-23 20:02:33
57,923,2026-04-23 22:59:58
74,962,2026-04-24 03:47:54
90,962,2026-04-25 02:48:47
64,1042,2026-04-25 15:03:24
35,943,2026-04-26 05:02:27
94,943,2026-04-26 07:00:46
15,943,2026-04-26 07:39:25
14,943,2026-04-26 07:48:19
9,943,2026-04-26 10:21:51
70,943,2026-04-26 12:44:31
95,943,2026-04-26 18:22:35
51,943,2026-04-27 02:47:00
4,943,2026-04-27 05:39:23
82,943,2026-04-27 05:46:06
98,1002,2026-04-27 07:09:49
11,943,2026-04-27 09:09:24
13,943,2026-04-27 20:19:47
53,943,2026-04-28 13:49:39
92,10,2026-04-29 12:41:20
21,943,2026-04-29 22:02:43
20,943,2026-05-01 23:02:54
100,19,2026-05-03 11:15:08
84,963,2026-05-03 11:34:00
9,944,2026-05-03 12:46:20
70,1106,2026-05-03 13:08:38
30,963,2026-05-03 13:12:10
27,944,2026-05-03 13:22:17
31,963,2026-05-03 14:26:47
46,944,2026-05-03 14:35:14
23,944,2026-05-03 15:08:56
81,963,2026-05-03 15:30:57
31,924,2026-05-03 15:46:48
9,924,2026-05-03 16:04:27
57,963,2026-05-03 16:14:51
33,944,2026-05-03 16:43:32
94,924,2026-05-03 17:25:50
55,924,2026-05-03 17:58:02
35,944,2026-05-03 18:14:55
3,924,2026-05-03 18:31:37
6,944,2026-05-03 18:39:51
87,944,2026-05-03 18:43:29
63,944,2026-05-03 18:53:14
52,835,2026-05-03 19:34:11
21,963,2026-05-03 19:40:12
59,944,2026-05-03 20:27:57
18,944,2026-05-03 20:46:24
97,924,2026-05-03 21:09:56
18,924,2026-05-03 21:33:22
12,690,2026-05-03 22:00:38
79,924,2026-05-03 22:40:35
36,944,2026-05-03 22:50:58
70,924,2026-05-03 23:50:31
33,924,2026-05-03 23:53:20
56,944,2026-05-03 23:58:49
4,924,2026-05-04 00:21:08
56,963,2026-05-04 00:54:47
61,944,2026-05-04 01:18:46
39,569,2026-05-04 01:42:40
5,944,2026-05-04 01:44:12
76,944,2026-05-04 03:27:32
26,924,2026-05-04 03:48:09
89,425,2026-05-04 04:19:51
7,924,2026-05-04 06:14:59
91,1063,2026-05-04 06:53:45
12,924,2026-05-04 07:30:24
24,924,2026-05-04 08:45:22
93,983,2026-05-04 10:57:14
78,551,2026-05-04 11:03:29
81,944,2026-05-04 11:08:56
83,924,2026-05-04 11:23:38
19,924,2026-05-04 12:14:01
10,924,2026-05-04 13:08:23
48,963,2026-05-04 13:38:03
46,963,2026-05-04 13:41:42
56,320,2026-05-04 14:40:18
64,329,2026-05-04 14:52:23
64,711,2026-05-04 14:59:45
3,963,2026-05-04 15:08:56
40,944,2026-05-04 15:39:33
65,963,2026-05-04 16:06:32
72,722,2026-05-04 16:54:15
97,983,2026-05-04 17:56:16
51,924,2026-05-04 17:57:44
51,447,2026-05-04 18:20:42
100,580,2026-05-04 19:05:21
75,485,2026-05-04 19:45:20
98,294,2026-05-04 20:55:05
34,924,2026-05-05 00:46:35
37,944,2026-05-05 01:22:51
42,924,2026-05-05 06:20:41
72,147,2026-05-05 07:23:27
91,650,2026-05-05 09:33:56
89,320,2026-05-05 11:07:24
95,963,2026-05-05 11:27:40
36,348,2026-05-05 13:24:09
18,680,2026-05-05 13:32:39
89,944,2026-05-05 15:03:00
50,53,2026-05-05 15:06:48
50,117,2026-05-05 15:26:38
87,320,2026-05-05 16:50:13
93,541,2026-05-05 17:27:47
50,890,2026-05-05 18:23:01
75,32,2026-05-05 20:59:22
92,876,2026-05-05 21:29:06
19,1107,2026-05-05 21:32:54
35,945,2026-05-05 21:41:31
2,1107,2026-05-05 21:45:50
29,1107,2026-05-05 23:01:48
98,399,2026-05-05 23:14:59
25,1107,2026-05-05 23:44:31
26,964,2026-05-06 00:05:10
57,945,2026-05-06 00:16:22
60,925,2026-05-06 00:24:27
50,795,2026-05-06 00:38:08
49,945,2026-05-06 00:50:49
6,945,2026-05-06 00:55:25
31,945,2026-05-06 01:12:51
45,1107,2026-05-06 01:50:49
16,925,2026-05-06 01:56:29
88,1107,2026-05-06 02:10:17
18,945,2026-05-06 02:14:24
78,313,2026-05-06 02:17:33
86,945,2026-05-06 02:20:34
17,945,2026-05-06 02:21:44
46,925,2026-05-06 02:22:10
65,945,2026-05-06 02:33:21
41,108,2026-05-06 02:49:12
67,925,2026-05-06 03:02:42
27,925,2026-05-06 03:03:46
35,925,2026-05-06 03:33:18
12,81,2026-05-06 04:03:19
94,217,2026-05-06 04:03:46
28,925,2026-05-06 04:09:37
91,348,2026-05-06 04:17:59
51,1107,2026-05-06 04:38:48
72,245,2026-05-06 04:56:41
50,62,2026-05-06 04:57:17
15,1107,2026-05-06 05:41:52
75,945,2026-05-06 06:36:20
36,1107,2026-05-06 07:35:02
96,1107,2026-05-06 07:42:54
81,945,2026-05-06 08:22:19
52,62,2026-05-06 08:37:06
21,925,2026-05-06 09:03:11
48,925,2026-05-06 09:25:23
62,944,2026-05-06 09:49:58
93,201,2026-05-06 10:57:48
62,925,2026-05-06 11:29:39
19,944,2026-05-06 12:13:06
72,169,2026-05-06 13:23:42
11,945,2026-05-06 13:30:52
61,925,2026-05-06 14:03:52
66,964,2026-05-06 15:50:45
60,1084,2026-05-06 15:52:52
25,824,2026-05-06 16:26:48
39,925,2026-05-06 16:31:30
44,339,2026-05-06 18:06:47
62,945,2026-05-06 18:43:19
80,925,2026-05-06 19:15:44
12,964,2026-05-06 19:38:05
81,211,2026-05-06 20:14:24
55,945,2026-05-06 21:26:01
10,964,2026-05-06 22:25:55
40,460,2026-05-06 22:47:56
60,963,2026-05-06 22:55:24
67,1107,2026-05-06 23:10:08
18,1107,2026-05-06 23:14:40
63,814,2026-05-06 23:56:07
95,945,2026-05-07 00:50:28
40,909,2026-05-07 01:00:37
56,925,2026-05-07 01:01:02
87,964,2026-05-07 02:25:54
22,964,2026-05-07 02:56:12
41,964,2026-05-07 03:25:02
100,1084,2026-05-07 04:14:55
6,1107,2026-05-07 05:21:25
65,925,2026-05-07 06:15:26
69,945,2026-05-07 06:20:15
15,925,2026-05-07 07:11:22
50,632,2026-05-07 07:36:55
99,1107,2026-05-07 07:56:53
82,945,2026-05-07 08:33:21
78,1107,2026-05-07 09:01:08
64,108,2026-05-07 10:19:42
98,437,2026-05-07 10:58:37
100,313,2026-05-07 12:17:47
47,925,2026-05-07 12:49:16
74,945,2026-05-07 12:52:05
91,661,2026-05-07 13:24:13
63,925,2026-05-07 15:11:54
62,965,2026-05-07 15:26:31
28,245,2026-05-07 15:52:55
74,965,2026-05-07 16:57:40
35,946,2026-05-07 17:01:13
95,946,2026-05-07 17:08:20
30,925,2026-05-07 17:22:14
3,946,2026-05-07 18:09:55
37,925,2026-05-07 19:00:50
38,964,2026-05-07 19:02:47
16,965,2026-05-07 20:05:11
68,944,2026-05-07 21:56:20
36,946,2026-05-07 22:03:17
12,946,2026-05-07 22:14:42
39,926,2026-05-07 22:19:33
25,273,2026-05-07 22:21:35
41,926,2026-05-07 22:56:30
3,965,2026-05-07 23:45:41
41,945,2026-05-07 23:55:04
34,964,2026-05-08 00:06:34
45,925,2026-05-08 01:05:20
63,926,2026-05-08 01:41:03
56,946,2026-05-08 02:01:40
75,965,2026-05-08 02:16:18
11,965,2026-05-08 02:40:55
73,965,2026-05-08 02:47:37
20,927,2026-05-08 02:59:17
15,946,2026-05-08 03:26:12
40,926,2026-05-08 03:56:59
49,965,2026-05-08 03:58:59
74,924,2026-05-08 04:55:54
2,927,2026-05-08 04:59:00
24,926,2026-05-08 05:07:49
92,836,2026-05-08 05:17:41
1,927,2026-05-08 05:26:34
74,944,2026-05-08 05:50:46
49,927,2026-05-08 06:04:04
34,927,2026-05-08 06:07:03
76,926,2026-05-08 06:41:50
99,400,2026-05-08 06:57:05
90,926,2026-05-08 06:57:59
61,927,2026-05-08 06:58:45
56,926,2026-05-08 07:18:07
31,927,2026-05-08 08:25:08
36,927,2026-05-08 09:01:32
12,927,2026-05-08 09:07:54
53,926,2026-05-08 09:13:15
46,946,2026-05-08 09:18:56
90,946,2026-05-08 10:02:46
20,712,2026-05-08 10:13:24
5,926,2026-05-08 10:15:01
27,965,2026-05-08 10:20:43
83,927,2026-05-08 11:08:06
80,945,2026-05-08 11:19:33
5,946,2026-05-08 11:39:40
61,836,2026-05-08 12:00:11
83,926,2026-05-08 12:06:32
62,927,2026-05-08 12:13:04
75,927,2026-05-08 12:21:00
59,946,2026-05-08 12:24:26
60,1108,2026-05-08 12:44:01
94,926,2026-05-08 13:38:25
3,651,2026-05-08 13:55:04
80,926,2026-05-08 14:09:54
59,927,2026-05-08 14:19:16
7,925,2026-05-08 14:25:02
45,964,2026-05-08 15:29:43
4,965,2026-05-08 15:32:11
71,965,2026-05-08 15:59:45
14,965,2026-05-08 16:04:08
43,946,2026-05-08 16:23:39
21,965,2026-05-08 16:41:22
89,945,2026-05-08 16:54:08
87,925,2026-05-08 17:37:23
27,926,2026-05-08 18:34:08
68,926,2026-05-08 18:50:01
29,926,2026-05-08 19:03:22
56,581,2026-05-08 20:10:21
75,966,2026-05-08 20:39:13
80,964,2026-05-08 20:47:16
17,927,2026-05-08 20:56:56
87,966,2026-05-08 21:08:19
46,947,2026-05-08 21:24:23
86,947,2026-05-08 21:32:04
39,946,2026-05-08 21:40:57
66,966,2026-05-08 22:20:22
79,927,2026-05-08 22:25:07
6,965,2026-05-08 22:26:35
82,966,2026-05-08 23:35:20
14,1107,2026-05-09 00:29:48
69,965,2026-05-09 00:44:11
31,1109,2026-05-09 00:51:53
32,947,2026-05-09 01:28:29
46,966,2026-05-09 02:42:11
84,927,2026-05-09 02:45:57
29,965,2026-05-09 02:51:24
76,1109,2026-05-09 02:56:32
61,947,2026-05-09 02:57:41
14,966,2026-05-09 03:01:27
38,926,2026-05-09 04:23:06
78,1046,2026-05-09 04:30:25
96,965,2026-05-09 04:37:18
87,1109,2026-05-09 05:21:47
37,947,2026-05-09 05:45:50
87,965,2026-05-09 05:50:35
5,966,2026-05-09 05:56:00
89,400,2026-05-09 06:26:26
30,966,2026-05-09 06:31:59
16,927,2026-05-09 06:35:08
76,946,2026-05-09 06:37:58
42,965,2026-05-09 07:07:27
73,925,2026-05-09 07:13:56
12,966,2026-05-09 07:28:10
60,945,2026-05-09 07:42:44
51,966,2026-05-09 07:43:41
44,966,2026-05-09 07:58:47
97,966,2026-05-09 07:59:44
66,1109,2026-05-09 08:09:06
97,1109,2026-05-09 08:14:27
83,966,2026-05-09 08:19:18
96,966,2026-05-09 08:37:20
23,927,2026-05-09 08:43:26
65,966,2026-05-09 08:43:40
37,927,2026-05-09 08:54:53
79,926,2026-05-09 09:15:45
78,966,2026-05-09 10:48:23
42,927,2026-05-09 10:51:59
2,948,2026-05-09 10:58:17
94,947,2026-05-09 11:13:38
34,1109,2026-05-09 11:23:04
7,966,2026-05-09 11:27:34
69,947,2026-05-09 11:54:35
6,947,2026-05-09 11:56:40
8,926,2026-05-09 12:02:54
31,966,2026-05-09 12:10:18
64,967,2026-05-09 12:21:06
99,967,2026-05-09 12:36:40
94,927,2026-05-09 12:40:03
44,1026,2026-05-09 12:55:09
15,118,2026-05-09 13:11:52
37,948,2026-05-09 13:34:13
61,967,2026-05-09 13:39:41
42,966,2026-05-09 14:05:04
94,946,2026-05-09 14:23:26
94,948,2026-05-09 14:24:13
29,948,2026-05-09 14:27:55
29,967,2026-05-09 14:44:10
63,966,2026-05-09 14:49:13
90,965,2026-05-09 15:21:39
34,966,2026-05-09 15:23:14
26,927,2026-05-09 15:27:55
16,947,2026-05-09 15:31:27
71,118,2026-05-09 15:33:51
65,949,2026-05-09 15:49:57
13,927,2026-05-09 16:28:25
77,965,2026-05-09 16:50:50
51,947,2026-05-09 17:02:44
69,946,2026-05-09 17:13:12
76,966,2026-05-09 17:20:42
95,949,2026-05-09 17:21:08
25,949,2026-05-09 17:21:53
14,967,2026-05-09 17:23:55
71,72,2026-05-09 17:29:02
9,1109,2026-05-09 17:58:20
32,949,2026-05-09 18:16:28
90,949,2026-05-09 18:23:39
49,966,2026-05-09 18:42:50
80,967,2026-05-09 18:51:59
40,928,2026-05-09 18:57:03
46,967,2026-05-09 19:17:30
87,927,2026-05-09 19:29:35
70,946,2026-05-09 19:32:21
35,966,2026-05-09 19:42:18
79,141,2026-05-09 19:49:01
86,968,2026-05-09 19:49:27
33,948,2026-05-09 20:03:16
60,967,2026-05-09 20:13:00
100,1066,2026-05-09 20:46:46
66,967,2026-05-09 20:58:52
70,947,2026-05-09 21:17:18
19,968,2026-05-09 21:28:18
4,950,2026-05-09 21:52:23
27,968,2026-05-09 21:52:43
29,950,2026-05-09 21:56:01
76,950,2026-05-09 22:27:36
48,928,2026-05-09 22:30:26
7,967,2026-05-09 22:34:06
35,947,2026-05-09 22:42:15
25,1109,2026-05-09 22:44:43
69,1008,2026-05-09 22:45:14
16,930,2026-05-09 22:46:52
31,947,2026-05-09 22:51:47
19,949,2026-05-09 22:53:56
24,930,2026-05-09 22:59:09
54,966,2026-05-09 22:59:36
20,947,2026-05-09 23:05:53
97,927,2026-05-09 23:08:22
24,929,2026-05-09 23:08:25
20,1109,2026-05-09 23:21:17
63,950,2026-05-09 23:23:59
29,929,2026-05-09 23:27:05
22,968,2026-05-09 23:33:20
66,968,2026-05-09 23:33:50
42,82,2026-05-09 23:38:44
55,949,2026-05-09 23:47:55
53,970,2026-05-09 23:50:10
19,969,2026-05-09 23:54:57
7,44,2026-05-09 23:59:59
50,72,2026-05-09 23:59:59
72,119,2026-05-09 23:59:59
64,170,2026-05-09 23:59:59
51,228,2026-05-09 23:59:59
99,237,2026-05-09 23:59:59
91,237,2026-05-09 23:59:59
96,247,2026-05-09 23:59:59
59,252,2026-05-09 23:59:59
72,258,2026-05-09 23:59:59
57,274,2026-05-09 23:59:59
50,275,2026-05-09 23:59:59
100,275,2026-05-09 23:59:59
64,305,2026-05-09 23:59:59
66,359,2026-05-09 23:59:59
31,427,2026-05-09 23:59:59
72,438,2026-05-09 23:59:59
100,438,2026-05-09 23:59:59
50,438,2026-05-09 23:59:59
95,450,2026-05-09 23:59:59
98,450,2026-05-09 23:59:59
100,474,2026-05-09 23:59:59
17,511,2026-05-09 23:59:59
14,611,2026-05-09 23:59:59
88,702,2026-05-09 23:59:59
98,713,2026-05-09 23:59:59
52,787,2026-05-09 23:59:59
91,787,2026-05-09 23:59:59
92,796,2026-05-09 23:59:59
98,805,2026-05-09 23:59:59
72,805,2026-05-09 23:59:59
60,837,2026-05-09 23:59:59
92,891,2026-05-09 23:59:59
31,901,2026-05-09 23:59:59
46,926,2026-05-09 23:59:59
16,926,2026-05-09 23:59:59
9,926,2026-05-09 23:59:59
35,927,2026-05-09 23:59:59
27,927,2026-05-09 23:59:59
20,928,2026-05-09 23:59:59
49,928,2026-05-09 23:59:59
14,928,2026-05-09 23:59:59
78,928,2026-05-09 23:59:59
29,928,2026-05-09 23:59:59
70,928,2026-05-09 23:59:59
80,928,2026-05-09 23:59:59
8,928,2026-05-09 23:59:59
18,929,2026-05-09 23:59:59
79,929,2026-05-09 23:59:59
38,929,2026-05-09 23:59:59
97,929,2026-05-09 23:59:59
12,929,2026-05-09 23:59:59
95,929,2026-05-09 23:59:59
62,929,2026-05-09 23:59:59
22,929,2026-05-09 23:59:59
76,929,2026-05-09 23:59:59
35,929,2026-05-09 23:59:59
3,929,2026-05-09 23:59:59
13,929,2026-05-09 23:59:59
19,929,2026-05-09 23:59:59
14,929,2026-05-09 23:59:59
6,929,2026-05-09 23:59:59
87,929,2026-05-09 23:59:59
78,929,2026-05-09 23:59:59
21,930,2026-05-09 23:59:59
69,930,2026-05-09 23:59:59
41,930,2026-05-09 23:59:59
97,930,2026-05-09 23:59:59
80,930,2026-05-09 23:59:59
74,930,2026-05-09 23:59:59
44,930,2026-05-09 23:59:59
95,930,2026-05-09 23:59:59
35,930,2026-05-09 23:59:59
14,930,2026-05-09 23:59:59
7,930,2026-05-09 23:59:59
31,930,2026-05-09 23:59:59
71,930,2026-05-09 23:59:59
64,930,2026-05-09 23:59:59
81,930,2026-05-09 23:59:59
1,930,2026-05-09 23:59:59
70,930,2026-05-09 23:59:59
66,930,2026-05-09 23:59:59
5,930,2026-05-09 23:59:59
55,930,2026-05-09 23:59:59
34,930,2026-05-09 23:59:59
39,930,2026-05-09 23:59:59
65,930,2026-05-09 23:59:59
48,930,2026-05-09 23:59:59
10,930,2026-05-09 23:59:59
57,930,2026-05-09 23:59:59
45,930,2026-05-09 23:59:59
76,930,2026-05-09 23:59:59
90,930,2026-05-09 23:59:59
79,930,2026-05-09 23:59:59
49,931,2026-05-09 23:59:59
70,931,2026-05-09 23:59:59
5,931,2026-05-09 23:59:59
14,931,2026-05-09 23:59:59
4,931,2026-05-09 23:59:59
35,931,2026-05-09 23:59:59
45,931,2026-05-09 23:59:59
97,931,2026-05-09 23:59:59
67,931,2026-05-09 23:59:59
6,931,2026-05-09 23:59:59
85,931,2026-05-09 23:59:59
25,931,2026-05-09 23:59:59
40,931,2026-05-09 23:59:59
75,931,2026-05-09 23:59:59
28,931,2026-05-09 23:59:59
54,945,2026-05-09 23:59:59
7,946,2026-05-09 23:59:59
26,947,2026-05-09 23:59:59
10,947,2026-05-09 23:59:59
44,947,2026-05-09 23:59:59
82,947,2026-05-09 23:59:59
9,947,2026-05-09 23:59:59
23,947,2026-05-09 23:59:59
49,947,2026-05-09 23:59:59
15,947,2026-05-09 23:59:59
77,947,2026-05-09 23:59:59
38,948,2026-05-09 23:59:59
54,948,2026-05-09 23:59:59
15,948,2026-05-09 23:59:59
17,948,2026-05-09 23:59:59
77,948,2026-05-09 23:59:59
48,948,2026-05-09 23:59:59
80,948,2026-05-09 23:59:59
26,948,2026-05-09 23:59:59
8,948,2026-05-09 23:59:59
96,949,2026-05-09 23:59:59
49,949,2026-05-09 23:59:59
12,949,2026-05-09 23:59:59
26,949,2026-05-09 23:59:59
88,949,2026-05-09 23:59:59
79,949,2026-05-09 23:59:59
86,949,2026-05-09 23:59:59
62,949,2026-05-09 23:59:59
27,949,2026-05-09 23:59:59
83,949,2026-05-09 23:59:59
17,949,2026-05-09 23:59:59
68,949,2026-05-09 23:59:59
97,949,2026-05-09 23:59:59
57,949,2026-05-09 23:59:59
13,949,2026-05-09 23:59:59
28,949,2026-05-09 23:59:59
39,949,2026-05-09 23:59:59
48,949,2026-05-09 23:59:59
94,949,2026-05-09 23:59:59
96,950,2026-05-09 23:59:59
17,950,2026-05-09 23:59:59
30,950,2026-05-09 23:59:59
42,950,2026-05-09 23:59:59
67,950,2026-05-09 23:59:59
32,950,2026-05-09 23:59:59
51,950,2026-05-09 23:59:59
90,950,2026-05-09 23:59:59
94,950,2026-05-09 23:59:59
18,950,2026-05-09 23:59:59
38,950,2026-05-09 23:59:59
65,950,2026-05-09 23:59:59
69,950,2026-05-09 23:59:59
36,950,2026-05-09 23:59:59
46,950,2026-05-09 23:59:59
33,950,2026-05-09 23:59:59
27,950,2026-05-09 23:59:59
68,950,2026-05-09 23:59:59
60,950,2026-05-09 23:59:59
1,950,2026-05-09 23:59:59
66,951,2026-05-09 23:59:59
70,951,2026-05-09 23:59:59
85,951,2026-05-09 23:59:59
67,951,2026-05-09 23:59:59
65,951,2026-05-09 23:59:59
4,951,2026-05-09 23:59:59
42,951,2026-05-09 23:59:59
12,951,2026-05-09 23:59:59
85,965,2026-05-09 23:59:59
94,965,2026-05-09 23:59:59
25,966,2026-05-09 23:59:59
36,966,2026-05-09 23:59:59
37,967,2026-05-09 23:59:59
69,967,2026-05-09 23:59:59
90,967,2026-05-09 23:59:59
87,967,2026-05-09 23:59:59
9,967,2026-05-09 23:59:59
57,967,2026-05-09 23:59:59
41,967,2026-05-09 23:59:59
77,967,2026-05-09 23:59:59
30,967,2026-05-09 23:59:59
55,967,2026-05-09 23:59:59
7,968,2026-05-09 23:59:59
16,968,2026-05-09 23:59:59
43,968,2026-05-09 23:59:59
96,968,2026-05-09 23:59:59
67,968,2026-05-09 23:59:59
20,968,2026-05-09 23:59:59
49,968,2026-05-09 23:59:59
6,968,2026-05-09 23:59:59
71,968,2026-05-09 23:59:59
54,968,2026-05-09 23:59:59
5,968,2026-05-09 23:59:59
48,968,2026-05-09 23:59:59
38,968,2026-05-09 23:59:59
18,968,2026-05-09 23:59:59
3,968,2026-05-09 23:59:59
12,968,2026-05-09 23:59:59
51,968,2026-05-09 23:59:59
82,968,2026-05-09 23:59:59
89,968,2026-05-09 23:59:59
75,968,2026-05-09 23:59:59
15,969,2026-05-09 23:59:59
40,969,2026-05-09 23:59:59
89,969,2026-05-09 23:59:59
24,969,2026-05-09 23:59:59
34,969,2026-05-09 23:59:59
77,969,2026-05-09 23:59:59
16,969,2026-05-09 23:59:59
84,969,2026-05-09 23:59:59
70,969,2026-05-09 23:59:59
4,969,2026-05-09 23:59:59
17,969,2026-05-09 23:59:59
32,969,2026-05-09 23:59:59
25,969,2026-05-09 23:59:59
55,969,2026-05-09 23:59:59
76,969,2026-05-09 23:59:59
43,969,2026-05-09 23:59:59
46,969,2026-05-09 23:59:59
78,969,2026-05-09 23:59:59
81,969,2026-05-09 23:59:59
67,970,2026-05-09 23:59:59
43,970,2026-05-09 23:59:59
59,970,2026-05-09 23:59:59
9,970,2026-05-09 23:59:59
74,970,2026-05-09 23:59:59
54,970,2026-05-09 23:59:59
57,970,2026-05-09 23:59:59
73,970,2026-05-09 23:59:59
69,970,2026-05-09 23:59:59
25,970,2026-05-09 23:59:59
6,970,2026-05-09 23:59:59
66,970,2026-05-09 23:59:59
31,970,2026-05-09 23:59:59
32,970,2026-05-09 23:59:59
10,970,2026-05-09 23:59:59
86,970,2026-05-09 23:59:59
58,970,2026-05-09 23:59:59
85,971,2026-05-09 23:59:59
58,971,2026-05-09 23:59:59
38,971,2026-05-09 23:59:59
25,971,2026-05-09 23:59:59
87,971,2026-05-09 23:59:59
65,971,2026-05-09 23:59:59
60,971,2026-05-09 23:59:59
96,971,2026-05-09 23:59:59
35,971,2026-05-09 23:59:59
78,971,2026-05-09 23:59:59
21,971,2026-05-09 23:59:59
71,971,2026-05-09 23:59:59
74,971,2026-05-09 23:59:59
66,988,2026-05-09 23:59:59
35,991,2026-05-09 23:59:59
100,1007,2026-05-09 23:59:59
72,1009,2026-05-09 23:59:59
99,1028,2026-05-09 23:59:59
18,1031,2026-05-09 23:59:59
98,1050,2026-05-09 23:59:59
91,1051,2026-05-09 23:59:59
72,1070,2026-05-09 23:59:59
69,1071,2026-05-09 23:59:59
86,1109,2026-05-09 23:59:59
83,1109,2026-05-09 23:59:59
88,1109,2026-05-09 23:59:59
24,1109,2026-05-09 23:59:59
82,1109,2026-05-09 23:59:59
41,1109,2026-05-09 23:59:59
73,1109,2026-05-09 23:59:59
7,1111,2026-05-09 23:59:59
45,1111,2026-05-09 23:59:59
24,1111,2026-05-09 23:59:59
61,1111,2026-05-09 23:59:59
60,1111,2026-05-09 23:59:59
37,1111,2026-05-09 23:59:59
16,1111,2026-05-09 23:59:59
69,1111,2026-05-09 23:59:59
88,1111,2026-05-09 23:59:59
75,1111,2026-05-09 23:59:59
3,1111,2026-05-09 23:59:59
74,1111,2026-05-09 23:59:59